AVG: moyenne
SUM: somme, total
MAX: maximum, maximal, plus grand
MIN: minimum, minimal, plus petit
COUNT: combien, nombre, compte
JUNCTION: et
DISJUNCTION: ou
GREATER: plus grand, supérieur, supérieur à
LESS: plus petit, inférieur
BETWEEN: entre
ORDER: ordre, ordonné
ASC: ascendant, ascendante, croissant
DESC: descendant, descendante, décroissant, inverse, inversé, inversée
GROUP: groupe, groupé, rangé
NEGATION: ne, pas, aucun
EQUAL: est, égal, égal à, sont
LIKE: comme
DISTINCT: distinct, distincte, distincts, distinctes, distinctive, distinctement, distinctivement
